{"0": 0.9747474747474748, "1": 0.9545454545454546, "3": 0.9848484848484849, "4": 0.994949494949495, "5": 0.9848484848484849, "6": 0.9848484848484849, "7": 1.0656565656565657, "8": 1.0151515151515151, "9": 0.9747474747474748, "10": 0.994949494949495, "14": 0.9343434343434344}