{"0": 0.9747474747474748, "1": 0.994949494949495, "3": 0.9848484848484849, "4": 0.9848484848484849, "5": 0.9848484848484849, "6": 0.9747474747474748, "7": 1.0555555555555556, "8": 1.0151515151515151, "9": 0.9747474747474748, "10": 0.994949494949495, "14": 0.9242424242424243}