{
    "alpha": 0.7695840332316309,
    "beta": 0.2539988159770206,
    "gamma": 0.6944030386294792,
    "delta": 5.989467170960421,
    "eta": 0.5455283854572993,
    "zeta": 0.10424089047700257
}